year,public_external_debt
,
2013,18777.78838385
2008,19237.20620268
2014,19764.43300147
2010,19904.569191
2007,20081.39
2011,20203.868
2012,20401.74102625
2009,20600.26005219
2006,21971.627
2005,22279.3
2019,22553.58547008
2017,22710.33257965
2003,22768
2018,22977.02810438
2015,23629.97770919
2016,23761.53864899
2004,24466
2020,32469.36485734
2021,45533.37758311
2023,46026.20883197
2022,46193.77759029
